name,county,sosid
1B,Appling,0011B
1C,Appling,0011C
2,Appling,0012
3A1,Appling,0013A1
3C,Appling,0013C
4B,Appling,0014B
4D,Appling,0014D
5A,Appling,0015A
5B,Appling,0015B
Pearson County,Atkinson,0030001
Axson,Atkinson,0030002
Willacoochee,Atkinson,0030003
Pearson City,Atkinson,0030004
Douglas,Bacon,005DOUGL
Anna,Baker,007A
Elmodel,Baker,007E
Hoggards Mill,Baker,007H
Milford,Baker,007M
Newton,Baker,007N
South Milledgeville,Baldwin,009CTY1
City Hall Annex,Baldwin,009CTY2
Boddie,Baldwin,009CTY3
Courthouse,Baldwin,009CTY4
Fire Dept,Baldwin,009CTY5
North Milledgeville,Baldwin,009CTY6
Meriweather,Baldwin,009MERI
East Baldwin,Baldwin,009MONT
Scottsboro,Baldwin,0091714
North Baldwin,Baldwin,009318
West Baldwin,Baldwin,009319
East Hardwick,Baldwin,009321E
West Hardwick,Baldwin,009321W
Coopers,Baldwin,009322
Anderson,Banks,0110001
Baldwin,Banks,0110002
Berlin,Banks,0110003
Bushville,Banks,0110004
Columbia,Banks,0110005
Davids,Banks,0110006
Golden Hill,Banks,0110007
Grove River,Banks,0110008
Hollingsworth,Banks,0110009
Homer,Banks,0110010
Poplar Springs,Banks,0110011
Washington,Banks,0110012
Wilmonts,Banks,0110013
01 Bethlehem Community Center,Barrow,01301
02 Bethlehem Church - 211,Barrow,01302
03 Hmong New Hope Alliance Church ,Barrow,01303
04 Covenant Life Sanctuary ,Barrow,01304
05 Fire Station 1 (Statham),Barrow,01305
08 First Baptist Church Winder,Barrow,01308
13 Winder Community Center,Barrow,01313
16 The Church at Winder,Barrow,01316
Adairsville,Bartow,01501
Allatoona,Bartow,01502
Cartersville East,Bartow,01503
Cartersville West,Bartow,01504
Cassville,Bartow,01505
Center,Bartow,01506
Emerson,Bartow,01507
Euharlee,Bartow,01508
Folsom,Bartow,01509
Hamilton Crossing,Bartow,01517
Kingston,Bartow,01510
Mission Road,Bartow,01511
Pine Log,Bartow,01512
Taylorsville,Bartow,01514
White,Bartow,01515
Zena Drive,Bartow,01516
Woodland,Bartow,01518
East,Ben Hill,0171
West,Ben Hill,0172
West Berrien,Berrien,01911062
Ray City,Berrien,0191144
Nashville,Berrien,0191157
Enigma,Berrien,0191642
Alapaha,Berrien,019518
East Macon 1,Bibb,021EM1
East Macon 2,Bibb,021EM2
East Macon 3,Bibb,021EM3
East Macon 4,Bibb,021EM4
East Macon 5,Bibb,021EM5
Godfrey 1,Bibb,021GF1
Godfrey 2,Bibb,021GF2
Godfrey 3,Bibb,021GF3
Godfrey 4,Bibb,021GF4
Godfrey 5,Bibb,021GF5
Hazzard 1,Bibb,021HA1
Hazzard 2,Bibb,021HA2
Hazzard 3,Bibb,021HA3
Hazzard 4,Bibb,021HA4
Howard 1,Bibb,021HO1
Howard 2,Bibb,021HO2
Howard 3,Bibb,021HO3
Howard 4,Bibb,021HO4
Howard 5,Bibb,021HO5
Howard 6,Bibb,021HO6
Howard 7,Bibb,021HO7
Rutland 1,Bibb,021RU1
Rutland 2,Bibb,021RU2
Vineville 1,Bibb,021VV1
Vineville 2,Bibb,021VV2
Vineville 3,Bibb,021VV3
Vineville 4,Bibb,021VV4
Vineville 5,Bibb,021VV5
Vineville 6,Bibb,021VV6
Warrior 1,Bibb,021WA1
Warrior 2,Bibb,021WA2
Fairground,Bleckley,0231
Hoboken,Brantley,0251
Nahunta,Brantley,0252
Waynesville,Brantley,0253
Quitman,Brooks,0271199
Barwick,Brooks,0271230
Dixie,Brooks,0271402
Briggs,Brooks,0271650
Nankin,Brooks,027659
Morven,Brooks,027660
Pavo,Brooks,0271712
Pembroke,Bryan,0291
Danielsiding,Bryan,02910
Ellabell,Bryan,0292
Black Creek,Bryan,0293
Ways Station,Bryan,0294
RH Rec Complex,Bryan,0295
JF Gregory Park,Bryan,0296
Keller,Bryan,0297
Hwy 144 East,Bryan,0298
Public Safety Complex,Bryan,0299
Lockhart,Bulloch,0311
Emit,Bulloch,03110
Statesboro,Bulloch,03111
Portal,Bulloch,03112
Fair,Bulloch,03113
Church,Bulloch,03114
Pittman Park,Bulloch,03115
Leefield,Bulloch,03116
Blitch,Bulloch,0312
Hagin,Bulloch,0313
Brooklet,Bulloch,0314
Stilson,Bulloch,0315
Bay,Bulloch,0316
Nevils,Bulloch,0317
Sinkhole,Bulloch,0318
Register,Bulloch,0319
Alexander,Burke,0330001
Four Points,Burke,0330002
Girard,Burke,0330003
Gough,Burke,0330004
Greenscut,Burke,0330005
Keysville,Burke,0330006
Midville,Burke,0330007
Munnerlyn,Burke,0330008
Sardis,Burke,0330009
Scotts Crossroads,Burke,0330010
Telfair,Burke,0330011
St Clair,Burke,0330012
Vidette,Burke,0330013
North Waynesboro,Burke,0330014
South Waynesboro,Burke,0330015
Blakeney,Burke,0330016
Butts County Admin Bldg,Butts,035BCAB
Leary,Calhoun,0371
Morgan,Calhoun,0372
Edison,Calhoun,0373
Edison-Arlington,Calhoun,0374
Arlington,Calhoun,0375
Tarboro,Camden,03901
Waverly,Camden,03902
Woodbine,Camden,03903
Browntown,Camden,03904
Harrietts Bluff,Camden,03905
West Kingsland,Camden,03906
North Kingsland,Camden,03907
Kingsland,Camden,03908
East Kingsland,Camden,03909
North St Marys,Camden,03910
St Marys,Camden,03911
South St Marys,Camden,03912
Mush Bluff,Camden,03913
West St Marys,Camden,03914
Jack Strickland Comm Center,Candler,043CAND
Kansas,Carroll,0451006
Bowdon,Carroll,0451111
Sandhill,Carroll,0451122
Center Point,Carroll,0451152
Mt Zion,Carroll,0451240
Burwell,Carroll,0451371
Clem,Carroll,0451483
Bowdon Junction,Carroll,0451496
Tyus,Carroll,0451533
Fairfield,Carroll,0451540
Hulett,Carroll,0451542
Bethany,Carroll,045501
V R County South,Carroll,045640
V R County North,Carroll,045641
Villa Rica City,Carroll,045642
Temple County,Carroll,045649
Temple City,Carroll,045650
Whitesburg,Carroll,045682
Roopville,Carroll,045713
West Carrollton,Carroll,045714A1
Lakeshore Rec Center,Carroll,045714A2
Bonner,Carroll,045714A3
University of W GA,Carroll,045714A4
County Admin Bldg,Carroll,045714A5
Tabernacle Church,Carroll,045714A6
Burson Center,Carroll,045714BN
Old Camp Church,Carroll,045714BW
Oak Grove,Carroll,045715
Blackstock,Catoosa,047BLCK
Boynton,Catoosa,047BOYN
Catoosa Keith,Catoosa,047CAKT
Chambers,Catoosa,047CHAM
Ft Oglethorpe,Catoosa,047FT O
Graysville,Catoosa,047GRAY
Lakeview,Catoosa,047LAKE
Poplar Springs,Catoosa,047POPS
Ringgold,Catoosa,047RING
Westside,Catoosa,047WEST
Woodstation,Catoosa,047WOOD
Folkston,Charlton,0492
GA Bend,Charlton,0493B
St George,Charlton,0493S
American Legion,Charlton,0494A
Homeland,Charlton,0494H
Folkston Fire,Charlton,0495F
Racepond,Charlton,0495R
Winokur,Charlton,0495W
Coldwater,Chattooga,0551083
Dirtseller,Chattooga,0551216
Haywood,Chattooga,0551382
Lyerly,Chattooga,0551484
Trion,Chattooga,055870
Summerville,Chattooga,055925
Teloga,Chattooga,055927
Dirttown,Chattooga,055940
Seminole,Chattooga,055961
Subligna,Chattooga,055962
Alpine,Chattooga,055968
Cloudland,Chattooga,055C-968
Pennville,Chattooga,055P-870
Air Acres,Cherokee,057001
Arnold Mill,Cherokee,057002
Avery,Cherokee,057003
Ball Ground,Cherokee,057004
Bascomb,Cherokee,057005
Bells,Cherokee,057006
Booth,Cherokee,057007
Bradshaw,Cherokee,057008
Bridgemill,Cherokee,057009
Canton,Cherokee,057010
Carmel,Cherokee,057011
Clayton,Cherokee,057013
Conns Creek,Cherokee,057014
Deer Run,Cherokee,057015
Dixie,Cherokee,057016
Freehome,Cherokee,057018
Hickory Flat,Cherokee,057019
Hightower,Cherokee,057020
Hillside,Cherokee,057021
Holly Springs,Cherokee,057022
Kellogg,Cherokee,057023
Liberty,Cherokee,057024
Little River,Cherokee,057026
Macedonia,Cherokee,057027
Mountain Road,Cherokee,057028
Neese,Cherokee,057044
Oak Grove,Cherokee,057029
R M Moore,Cherokee,057030
R T Jones,Cherokee,057031
Rosecreek,Cherokee,057032
Salacoa,Cherokee,057033
Sixes,Cherokee,057034
Sutallee,Cherokee,057035
Teasley,Cherokee,057036
Toonigh,Cherokee,057037
Union Hill,Cherokee,057038
Univeter,Cherokee,057039
Victoria,Cherokee,057040
Waleska,Cherokee,057041
Wildcat,Cherokee,057042
Woodlands,Cherokee,057043
Woodstock,Cherokee,057012
1A,Clarke,0591A
1B,Clarke,0591B
1C,Clarke,0591C
1D,Clarke,0591D
2A,Clarke,0592A
2B,Clarke,0592B
3A,Clarke,0593A
3B,Clarke,0593B
4A,Clarke,0594A
4B,Clarke,0594B
5A,Clarke,0595A
5B,Clarke,0595B
5C,Clarke,0595C
5D,Clarke,0595D
6A,Clarke,0596A
6B,Clarke,0596B
6C,Clarke,0596C
6D,Clarke,0596D
7A,Clarke,0597A
7B,Clarke,0597B
7C,Clarke,0597C
8A,Clarke,0598A
8B,Clarke,0598B
8C,Clarke,0598C
Bluffton,Clay,0611
Zetto,Clay,0612
Court House,Clay,0613
Old Head Start,Clay,0614
Days Cross Road,Clay,0615
Ellenwood 1,Clayton,063EW1
Ellenwood 2,Clayton,063EW2
Forest Park 1,Clayton,063FP1
Forest Park 2,Clayton,063FP2
Forest Park 3,Clayton,063FP3
Forest Park 4,Clayton,063FP4
Forest Park 5,Clayton,063FP5
Forest Park 6,Clayton,063FP6
Jonesboro 1,Clayton,063JB01
Jonesboro 2,Clayton,063JB02
Jonesboro 3,Clayton,063JB03
Jonesboro 4,Clayton,063JB04
Jonesboro 5,Clayton,063JB05
Jonesboro 6,Clayton,063JB06
Jonesboro 7,Clayton,063JB07
Jonesboro 8,Clayton,063JB08
Jonesboro 9,Clayton,063JB09
Jonesboro 10,Clayton,063JB10
Jonesboro 11,Clayton,063JB11
Jonesboro 12,Clayton,063JB12
Jonesboro 13,Clayton,063JB13
Jonesboro 14,Clayton,063JB14
Jonesboro 15,Clayton,063JB15
Jonesboro 16,Clayton,063JB16
Jonesboro 17,Clayton,063JB17
Jonesboro 18,Clayton,063JB18
Jonesboro 19,Clayton,063JB19
Lake City,Clayton,063LC1
Lovejoy 1,Clayton,063LJ1
Lovejoy 2,Clayton,063LJ2
Lovejoy 3,Clayton,063LJ3
Lovejoy 4,Clayton,063LJ4
Lovejoy 5,Clayton,063LJ5
Lovejoy 6,Clayton,063LJ6
Lovejoy 7,Clayton,063LJ7
Morrow 1,Clayton,063MO1
Morrow 2,Clayton,063MO2
Morrow 3,Clayton,063MO3
Morrow 4,Clayton,063MO4
Morrow 5,Clayton,063MO5
Morrow 6,Clayton,063MO6
Morrow 7,Clayton,063MO7
Morrow 8,Clayton,063MO8
Morrow 9,Clayton,063MO9
Morrow 10,Clayton,063MO10
Morrow 11,Clayton,063MO11
Oak 1,Clayton,063OAK1
Oak 2,Clayton,063OAK2
Oak 3,Clayton,063OAK3
Oak 4,Clayton,063OAK4
Oak 5,Clayton,063OAK5
Panhandle 1,Clayton,063PH1
Panhandle 2,Clayton,063PH2
Riverdale 1,Clayton,063RD01
Riverdale 2,Clayton,063RD02
Riverdale 3,Clayton,063RD03
Riverdale 4,Clayton,063RD04
Riverdale 5,Clayton,063RD05
Riverdale 6,Clayton,063RD06
Riverdale 7,Clayton,063RD07
Riverdale 8,Clayton,063RD08
Riverdale 9,Clayton,063RD09
Riverdale 10,Clayton,063RD10
Riverdale 11,Clayton,063RD11
Riverdale 12,Clayton,063RD12
Arabia,Clinch,065AB
Argyle,Clinch,065AG
Dupont,Clinch,065D
Fargo,Clinch,065F
Homerville,Clinch,065H
Acworth 1A,Cobb,067AC1A
Acworth 1B,Cobb,067AC1B
Acworth 1C,Cobb,067AC1C
Addison 01,Cobb,067AD01
Austell 1A,Cobb,067AU1A
Bells Ferry 02,Cobb,067BF02
Bells Ferry 03,Cobb,067BF03
Bells Ferry 04,Cobb,067BF04
Big Shanty 01,Cobb,067BG01
Big Shanty 02,Cobb,067BG02
Baker 01,Cobb,067BK01
Birney 01,Cobb,067BR01
Birney 02,Cobb,067BR02
Bryant 01,Cobb,067BT01
Bryant 02,Cobb,067BT02
Blackwell 01,Cobb,067BW01
Chattahoochee 01,Cobb,067CA01
Cheatham Hill 02,Cobb,067CH02
Cheatham Hill 03,Cobb,067CH03
Chalker 01,Cobb,067CK01
Clarkdale 01,Cobb,067CL01
Clarkdale 02,Cobb,067CL02
Cooper 01,Cobb,067CO01
Chestnut Ridge 01,Cobb,067CR01
Dickerson 01,Cobb,067DC01
Dobbins 01,Cobb,067DI01
Dobbins 02,Cobb,067DI02
Dowell 01,Cobb,067DL01
Dodgen 01,Cobb,067DO01
Durham 01,Cobb,067DU01
Davis 01,Cobb,067DV01
Eastside 01,Cobb,067EA01
Eastside 02,Cobb,067EA02
Elizabeth 01,Cobb,067EL01
Elizabeth 02,Cobb,067EL02
Elizabeth 03,Cobb,067EL03
Elizabeth 04,Cobb,067EL04
Elizabeth 05,Cobb,067EL05
East Piedmont 01,Cobb,067EP01
Fair Oaks 02,Cobb,067FO02
Fair Oaks 04,Cobb,067FO04
Fullers Park 01,Cobb,067FP01
Ford 01,Cobb,067FR01
Frey 01,Cobb,067FY01
Garrison Mill 01,Cobb,067GM01
Gritters 01,Cobb,067GT01
Harmony-Leland 01,Cobb,067HL01
Harrison 01,Cobb,067HR01
Hightower 01,Cobb,067HT01
Hayes 01,Cobb,067HY01
Kennesaw 1A,Cobb,067KE1A
Kennesaw 2A,Cobb,067KE2A
Kennesaw 3A,Cobb,067KE3A
Kennesaw 4A,Cobb,067KE4A
Kennesaw 5A,Cobb,067KE5A
Kell 01,Cobb,067KL01
Kemp 01,Cobb,067KP01
Kemp 02,Cobb,067KP02
Kemp 03,Cobb,067KP03
Lassiter 01,Cobb,067LA01
Lindley 01,Cobb,067LI01
Lost Mountain 01,Cobb,067LM01
Lost Mountain 02,Cobb,067LM02
Lost Mountain 03,Cobb,067LM03
Lost Mountain 04,Cobb,067LM04
Mableton 01,Cobb,067MA01
Mableton 02,Cobb,067MA02
Mableton 03,Cobb,067MA03
Mableton 04,Cobb,067MA04
Mabry 01,Cobb,067MB01
Macland 01,Cobb,067MC01
Murdock 01,Cobb,067MD01
McEachern 01,Cobb,067ME01
McCleskey 01,Cobb,067MK01
McClure 01,Cobb,067ML01
Marietta 1A,Cobb,067MR1A
Marietta 2A,Cobb,067MR2A
Marietta 2B,Cobb,067MR2B
Marietta 3A,Cobb,067MR3A
Marietta 3B,Cobb,067MR3B
Marietta 4A,Cobb,067MR4A
Marietta 4B,Cobb,067MR4B
Marietta 4C,Cobb,067MR4C
Marietta 5A,Cobb,067MR5A
Marietta 5B,Cobb,067MR5B
Marietta 6A,Cobb,067MR6A
Marietta 6B,Cobb,067MR6B
Marietta 7A,Cobb,067MR7A
Mars Hill 01,Cobb,067MS01
Mars Hill 02,Cobb,067MS02
Mt Bethel 01,Cobb,067MT01
Mt Bethel 03,Cobb,067MT03
Mt Bethel 04,Cobb,067MT04
North Cobb 01,Cobb,067NC01
Nickajack 01,Cobb,067NJ01
Norton Park 01,Cobb,067NP01
Nicholson 01,Cobb,067NS01
Oakdale 01,Cobb,067OK01
Oregon 01,Cobb,067OR01
Oregon 02,Cobb,067OR02
Oregon 03,Cobb,067OR03
Oregon 04,Cobb,067OR04
Oregon 05,Cobb,067OR05
Pebblebrook 01,Cobb,067PE01
Powers Ferry 01,Cobb,067PF01
Pine Mountain 01,Cobb,067PM01
Pine Mountain 02,Cobb,067PM02
Post Oak 01,Cobb,067PO01
Pope 01,Cobb,067PP01
Palmer 01,Cobb,067PR01
Pitner 01,Cobb,067PT01
Rocky Mount 01,Cobb,067RM01
Riverside 01,Cobb,067RS01
Roswell 01,Cobb,067RW01
Roswell 02,Cobb,067RW02
Sandy Plains 01,Cobb,067SA01
Shallowford Falls 01,Cobb,067SF01
Simpson 01,Cobb,067SI01
Sewell Mill 01,Cobb,067SM01
Sewell Mill 03,Cobb,067SM03
Smyrna 1A,Cobb,067SN1A
Smyrna 2A,Cobb,067SN2A
Smyrna 3A,Cobb,067SN3A
Smyrna 3B,Cobb,067SN3B
Smyrna 4A,Cobb,067SN4A
Smyrna 5A,Cobb,067SN5A
Smyrna 6A,Cobb,067SN6A
Smyrna 7A,Cobb,067SN7A
Sope Creek 01,Cobb,067SO01
Sope Creek 02,Cobb,067SO02
Sope Creek 03,Cobb,067SO03
Sweetwater 01,Cobb,067SW01
Sweetwater 02,Cobb,067SW02
Terrell Mill 01,Cobb,067TM01
Timber Ridge 01,Cobb,067TR01
Vaughan 01,Cobb,067VA01
Vinings 01,Cobb,067VG01
Vinings 02,Cobb,067VG02
Vinings 03,Cobb,067VG03
Vinings 04,Cobb,067VG04
Wade Green 02,Cobb,067WG02
Willeo 01,Cobb,067WL01
Douglas,Coffee,0691
Ambrose,Coffee,0692
Bridgetown,Coffee,0693
Broxton,Coffee,0694
Nicholls,Coffee,0695
West Green,Coffee,0696
Shaw,Colquitt,0710001
Moultrie,Colquitt,0710002
Autreyville,Colquitt,0710007
Bridgecreek,Colquitt,0710008
Crosland,Colquitt,0710009
Doerun,Colquitt,0710010
Funston,Colquitt,0710011
Hamilton,Colquitt,0710012
Hartsfield,Colquitt,0710013
Hopewell,Colquitt,0710014
Lee,Colquitt,0710015
Millcreek,Colquitt,0710016
Monk,Colquitt,0710017
Murphy,Colquitt,0710018
Norman Park,Colquitt,0710019
Robinson,Colquitt,0710020
Thigpen,Colquitt,0710021
Tyty,Colquitt,0710022
Warrior,Colquitt,0710023
Kiokee Baptist Church,Columbia,073010
Lewis Methodist Church,Columbia,073015
Woodlawn Baptist Church,Columbia,073016
Patriots Park,Columbia,073017
New Life Church,Columbia,073018
Harlem Branch Library,Columbia,073020
Harlem Senior Center,Columbia,073022
Second Mt Moriah Baptist Church,Columbia,073024
Bessie Thomas Center,Columbia,073025
Philadelphia Church,Columbia,073026
Liberty Park-Grovetown,Columbia,073030
Grovetown Methodist Church,Columbia,073031
G A Apostolic Church,Columbia,073032
Grovetown Public Safety Station 2,Columbia,073033
Grove First Baptist Church,Columbia,073034
Eubank-Blanchard Center,Columbia,073040
Second Mt Carmel Baptist Church,Columbia,073050
Damascus Baptist Church,Columbia,073051
Col Cty Bd of Edu,Columbia,073060
Greenbrier High,Columbia,073061
Parkway Baptist Church,Columbia,073062
Riverview Church,Columbia,073063
Grace Baptist Church,Columbia,073064
Christ Sanctified,Columbia,073065
Blanchard Park,Columbia,073070
Belair Baptist Church,Columbia,073075
Marvin Methodist,Columbia,073076
Westside Baptist Church,Columbia,073080
Trinity Baptist Church,Columbia,073085
Abilene Baptist,Columbia,073090
Augusta Christian,Columbia,073100
Savannah Rapids Pavilion,Columbia,073105
Gospel Water Branch,Columbia,073107
Genesis Church,Columbia,073108
Stevens Creek Church,Columbia,073109
Mtz Col Fire Hdqtr,Columbia,073110
Lakeside Middle,Columbia,073111
Martinez Baptist,Columbia,073115
Gold Cross EMS,Columbia,073120
Church of Our Savior,Columbia,073125
West Acres Baptist,Columbia,073130
Journey Comm Church,Columbia,073131
Wesley Methodist,Columbia,073132
Col Cty Main Library,Columbia,073134
Christ Church Presbyterian,Columbia,073135
Blue Ridge Elementary,Columbia,073136
Christ The King Luth Church,Columbia,073137
Cecil,Cook,075C
Delle Beamguard,Cook,075DB
Elm Pine,Cook,075EP
Lenox,Cook,075L
Massee,Cook,075M
New Life Baptist Church,Cook,075NL
Riverbend,Cook,075RB
Sparks,Cook,075S
Senoia,Coweta,07701
Moreland,Coweta,07702
Pine Road,Coweta,07703
Dresden,Coweta,07704
Newnan,Coweta,07705
Sharpsburg,Coweta,07706
Fischer Road,Coweta,07707
Cedar Creek,Coweta,07708
Grantville,Coweta,07709
Haralson,Coweta,07710
Welcome,Coweta,07711
Panther Creek,Coweta,07712
Raymond,Coweta,07713
Turin,Coweta,07714
Smokey Road,Coweta,07715
Central,Coweta,07717
Newnan Centre,Coweta,07718
Greentop,Coweta,07719
Expo Center,Coweta,07720
White Oak,Coweta,07721
Madras,Coweta,07722
Cannongate,Coweta,07723
Westside,Coweta,07724
Northside,Coweta,07725
Thomas Crossroads,Coweta,07726
Coweta Central Library,Coweta,07727
District 1A,Crawford,0791A
District 1B,Crawford,0791B
District 2,Crawford,0792
District 3,Crawford,0793
District 4,Crawford,0794
District 5,Crawford,0795
Arabi,Crisp,081ARABI
Coney,Crisp,081CONEY
Cordele,Crisp,081CORDE
Jamestown,Crisp,081JAMES
Listonia,Crisp,081LISTO
South Dade,Dade,0831038
New Salem,Dade,0831214
Davis,Dade,0831222
New Home,Dade,0831885
West Brow,Dade,0831889
Trenton,Dade,083960
North Dade,Dade,083974
West,Dawson,08501
Central,Dawson,08502
East,Dawson,08503
Mt Pleasant,Decatur,0871277
Recovery,Decatur,0871325
Kendrick,Decatur,0871342
Climax,Decatur,0871361
Brinson,Decatur,0871613
West Bainbridge,Decatur,0871805
Bainbridge-Coliseum,Decatur,087513
BDGE-Fairgrounds,Decatur,087514
Attapulgus,Decatur,087694
Allgood Elem,DeKalb,089AA
Ashford Park Elem,DeKalb,089AB
Austin,DeKalb,089AD
Avondale,DeKalb,089AE
Austin Drive,DeKalb,089AF
Ashford Dunwoody Rd,DeKalb,089AG
Ashford Parkside,DeKalb,089AH
Avondale High,DeKalb,089AI
Boulevard,DeKalb,089BB
Briar Vista Elem,DeKalb,089BC
Briarlake Elem,DeKalb,089BD
Briarwood,DeKalb,089BE
Brockett Elem,DeKalb,089BF
Briarcliff,DeKalb,089BG
Brockett,DeKalb,089BH
Brookhaven,DeKalb,089BI
Browns Mill Elem,DeKalb,089BJ
Bouldercrest Road,DeKalb,089BL
Bethune Middle,DeKalb,089BM
Burgess Elem,DeKalb,089BR
Columbia Drive,DeKalb,089CA
Canby Lane Elem,DeKalb,089CB
Columbia Elem,DeKalb,089CC
Cedar Grove Elem,DeKalb,089CD
Chamblee,DeKalb,089CE
Candler-Murphey Candler Elem,DeKalb,089CF
Chapel Hill Elem,DeKalb,089CG
Chesnut Elem,DeKalb,089CH
Clairemont West,DeKalb,089CI
Clairmont Road,DeKalb,089CJ
Clarkston,DeKalb,089CK
Clifton,DeKalb,089CL
Columbia Middle,DeKalb,089CM
Coan Recreation Center,DeKalb,089WC
Cross Keys High,DeKalb,089CO
Crossroads,DeKalb,089CP
Candler,DeKalb,089CQ
Cedar Grove Middle,DeKalb,089CR
Cedar Grove South,DeKalb,089CS
Covington Hwy,DeKalb,089CT
Covington,DeKalb,089CU
Clairemont East,DeKalb,089CV
Coralwood,DeKalb,089CW
Candler Park,DeKalb,089CXA
Clarkston Community Center,DeKalb,089CY
Chamblee 2,DeKalb,089CXB
Doraville North,DeKalb,089DA
Doraville South,DeKalb,089DB
Dresden Elem,DeKalb,089DC
Decatur,DeKalb,089DD
Dunaire Elem,DeKalb,089DE
Dunwoody,DeKalb,089DF
Dunwoody 2,DeKalb,089DG
Druid Hills High,DeKalb,089DH
Dunwoody Library,DeKalb,089DI
East Lake,DeKalb,089EA
Embry Hills,DeKalb,089EC
Evansdale Elem,DeKalb,089EF
Emory South,DeKalb,089EG
Emory Road,DeKalb,089ER
Fairington Elem,DeKalb,089FA
Fernbank Elem,DeKalb,089FB
Flat Shoals Elem,DeKalb,089FC
Flat Shoals Parkway,DeKalb,089FE
Flat Rock Elem,DeKalb,089FG
Flat Shoals,DeKalb,089FJ
Flakes Mill Fire Station,DeKalb,089FK
Flat Shoals Library,DeKalb,089FL
Freedom Middle,DeKalb,089FM
Glennwood,DeKalb,089GA
Glenhaven,DeKalb,089GB
Gresham Road,DeKalb,089GC
Georgetown Sq,DeKalb,089GD
Glenwood Road,DeKalb,089GF
Hambrick Elem,DeKalb,089HA
Hawthorne Elem,DeKalb,089HB
Henderson Mill,DeKalb,089HC
Huntley Hills Elem,DeKalb,089HF
Hugh Howell,DeKalb,089HG
Harris-Narvie J Harris Elem,DeKalb,089HH
Harris-Margaret Harris ED,DeKalb,089HI
Idlewood Elem,DeKalb,089IA
Indian Creek,DeKalb,089IB
Johnson Estates,DeKalb,089JA
Jolly Elem,DeKalb,089JB
Kelley Lake Elem,DeKalb,089KA
Kingsley Elem,DeKalb,089KB
Kelley Chapel Road,DeKalb,089KC
Knollwood,DeKalb,089KE
Kittredge Elem,DeKalb,089KG
Lakeside High,DeKalb,089LA
Lavista Road,DeKalb,089LB
Lavista,DeKalb,089LC
Lithonia,DeKalb,089LD
Lin-Mary Lin Elem,DeKalb,089LE
Lithonia High,DeKalb,089LH
Livsey Elem,DeKalb,089LV
Miller-Eldridge L Miller Elem,DeKalb,089MA
McNair High,DeKalb,089MB
Marbut Elem,DeKalb,089MC
McNair,DeKalb,089MD
McLendon,DeKalb,089ME
McWilliams,DeKalb,089MF
Medlock,DeKalb,089MG
Midvale Elem,DeKalb,089MH
Miller Grove,DeKalb,089MI
Montclair Elem,DeKalb,089MJ
Montreal,DeKalb,089MK
Meadowview,DeKalb,089ML
Memorial South,DeKalb,089MN
Midway,DeKalb,089MO
McNair Academy,DeKalb,089MP
Mount Vernon East,DeKalb,089MQ
Mathis-Bob Mathis Elem,DeKalb,089MR
Mount Vernon West,DeKalb,089MS
Metropolitan,DeKalb,089MT
Montgomery Elem,DeKalb,089MU
Miller Grove Road,DeKalb,089MV
Midvale Road,DeKalb,089MW
Miller Grove High,DeKalb,089MZ
North Decatur,DeKalb,089NB
North Hairston,DeKalb,089NC
Northlake,DeKalb,089ND
North Peachtree,DeKalb,089NF
Oak Grove Elem,DeKalb,089OA
Oakcliff Elem,DeKalb,089OB
Oakhurst,DeKalb,089OK
Oak View Elem,DeKalb,089OV
Peachcrest,DeKalb,089PA
Peachtree Middle,DeKalb,089PB
Princeton Elem,DeKalb,089PC
Pine Lake,DeKalb,089PE
Pleasantdale Road,DeKalb,089PF
Ponce de Leon,DeKalb,089PG
Panola,DeKalb,089PH
Panola Way Elem,DeKalb,089PI
Piney Grove,DeKalb,089PN
Panola Road,DeKalb,089PR
Rainbow Elem,DeKalb,089RA
Redan Elem,DeKalb,089RC
Rehoboth,DeKalb,089RD
Rockbridge Elem,DeKalb,089RE
Rock Chapel Elem,DeKalb,089RF
Rowland Elem,DeKalb,089RG
Redan-Trotti Library,DeKalb,089RH
Rockbridge Road,DeKalb,089RI
Rowland Road,DeKalb,089RJ
Redan Road,DeKalb,089RK
Rock Chapel Road,DeKalb,089RL
Redan Middle,DeKalb,089RM
Sagamore Hills Elem,DeKalb,089SA
Scott,DeKalb,089SB
Shaw-Robert Shaw Elem,DeKalb,089SC
Stone Mountain Elem,DeKalb,089SD
Silver Lake,DeKalb,089SE
Skyland,DeKalb,089SF
Snapfinger Elem,DeKalb,089SG
Smoke Rise,DeKalb,089SH
Stone Mtn Middle,DeKalb,089SI
Stone Mill Elem,DeKalb,089SJ
Shadow Rock Elem,DeKalb,089SK
Stoneview Elem,DeKalb,089SL
Salem Middle,DeKalb,089SM
Shamrock,DeKalb,089SN
South Deshon,DeKalb,089SO
Stone Mtn Champion,DeKalb,089SP
Stone Mtn,DeKalb,089SQ
Snapfinger Road N,DeKalb,089SR
Snapfinger Road S,DeKalb,089SS
Stephenson Middle,DeKalb,089ST
South Hairston,DeKalb,089SU
Stephenson High,DeKalb,089SV
Stonecrest Library,DeKalb,089SW
Snapfinger Road,DeKalb,089SY
Terry Mill,DeKalb,089TA
Toney Elem,DeKalb,089TC
Tucker Library,DeKalb,089TH
Tilly Mill Road,DeKalb,089TG
Tucker,DeKalb,089TF
Valley Brook,DeKalb,089VB
Wadsworth,DeKalb,089WA
Wesley Chapel Library,DeKalb,089WB
Woodrow Road,DeKalb,089WD
Winnona Park,DeKalb,089WF
Woodridge Elem,DeKalb,089WG
Warren Tech,DeKalb,089WI
Woodward,DeKalb,089WJ
White Oak,DeKalb,089WK
Winters Chapel,DeKalb,089WL
Wynbrooke Elem,DeKalb,089WN
Young Road,DeKalb,089YA
Chauncey,Dodge,091CHAUN
Clark,Dodge,091CLARK
Eddin,Dodge,091EDDIN
Empire,Dodge,091EMPIR
Jaybird,Dodge,091JAYBI
Jones,Dodge,091JONES
Lee,Dodge,091LEE
McCranie,Dodge,091MCCRA
Milan,Dodge,091MILAN
Mitchell,Dodge,091MITCH
Mullis,Dodge,091MULLI
Plainfield,Dodge,091PLAIN
Pondtown,Dodge,091PONDT
Rawlins,Dodge,091RAWLI
Vilula,Dodge,091VILUL
Yonker,Dodge,091YONKE
Lilly,Dooly,09310
Byromville,Dooly,0932
Unadilla,Dooly,0935
Vienna,Dooly,0937
Pinehurst,Dooly,0938
Palmyra Methodist,Dougherty,09501
Sherwood Elementary,Dougherty,09502
Covenant Church,Dougherty,09503
Greenbriar Church,Dougherty,09504
Westover High School,Dougherty,09505
Merry Acres Middle,Dougherty,09506
Darton College,Dougherty,09507
Westtown Elementary,Dougherty,09508
2nd Mt Zion Church,Dougherty,09509
Mt Zion Center,Dougherty,09510
Alice Coachman Elementary,Dougherty,09511
Carver Teen Center,Dougherty,09512
Shiloh Baptist Church,Dougherty,09513
Litman Cathedral,Dougherty,09514
Phoebe Healthworks,Dougherty,09515
Turner Elementary,Dougherty,09516
Jackson Heights Elementary,Dougherty,09517
Bill Miller Center,Dougherty,09518
Radium Middle School,Dougherty,09519
Putney 1st Baptist Church,Dougherty,09520
International Studies,Dougherty,09521
Phoebe East,Dougherty,09522
Pine Bluff Baptist Church,Dougherty,09523
Albany Middle School,Dougherty,09524
Christ Church,Dougherty,09525
Lamar Reese Elementary,Dougherty,09526
1st Christian Church,Dougherty,09527
Lovett Hall,Dougherty,09528
Mirror Lake Elementary,Douglas,0971258
Winston,Douglas,0971259
Dog River Library,Douglas,0971260
Atlanta West Pentecostal,Douglas,0971270
Ephesus Baptist Church,Douglas,0971271
Prays Mill Gym,Douglas,0971272
Turner,Douglas,0971273
First Baptist Lithia Springs,Douglas,0971274
Lithia Springs High School,Douglas,0971275
Deer Lick,Douglas,0971276
Golden Methodist Church,Douglas,097729
Old Courthouse,Douglas,097730
Beulah Baptist Church,Douglas,097731
Stewart,Douglas,097732
Arbor Station,Douglas,097733
Bright Star,Douglas,097734
Dorsett Shoals,Douglas,097735
Chapel Hill,Douglas,097736N
Church At Chapel Hill,Douglas,097736S
Chestnut Log,Douglas,097737
St Julians Episcopal,Douglas,097738
Lutheran Church-GS,Douglas,097739
First Baptist Douglasville,Douglas,097740
Factory Shoals,Douglas,097784
Boundary Waters,Douglas,097785
Arlington,Early,099A
Blakely,Early,099B
Cedar Springs,Early,099CS
Cuba,Early,099CUBA
Urquhart,Early,099U
Statenville,Echols,1011058
1A,Effingham,1031A
1B,Effingham,1031B
1C,Effingham,1031C
1D,Effingham,1031D
2A,Effingham,1032A
2B,Effingham,1032B
2C,Effingham,1032C
3A,Effingham,1033A
3B,Effingham,1033B
3C,Effingham,1033C
3D,Effingham,1033D
4A,Effingham,1034A
4B,Effingham,1034B
4C,Effingham,1034C
5A,Effingham,1035A
5B,Effingham,1035B
5C,Effingham,1035C
Elberton,Elbert,105189
Longstreet,Elbert,105190
Eliam,Elbert,105191
Petersburg,Elbert,105192
Wyche,Elbert,105193
Moss-Ruckersville,Elbert,105196
Pike,Elbert,105197
Gaines,Elbert,105199
Goshen,Elbert,105201
Webbsboro,Elbert,105202
Centerville,Elbert,105315
Oak Park,Emanuel,1070050
Cross-Green,Emanuel,1070052
Swainsboro,Emanuel,1070053
Summertown,Emanuel,1070057
Stillmore,Emanuel,1070058
Blundale,Emanuel,1071208
Canoochee,Emanuel,1071333
Garfield,Emanuel,1071429
Nunez,Emanuel,1071502
Twin City,Emanuel,1071560
Adrian,Emanuel,1071748
Veterans Community Center,Evans,10911
Colwell,Fannin,111COLW
Fairplay,Fannin,111FAIR
Flinthill,Fannin,111FLIN
Hemptown,Fannin,111HEMP
Hothouse,Fannin,111HOTH
Mineral Bluff,Fannin,111MINE
Mobile,Fannin,111MOBI
Morganton,Fannin,111MORG
Noontootla,Fannin,111NOON
Skeniah,Fannin,111SKEN
Sugar Creek,Fannin,111SUGC
Toccoa,Fannin,111TOCC
Blackrock,Fayette,11301
Brooks,Fayette,11302
Europe,Fayette,11303
Fayetteville East,Fayette,11304
Fayetteville West,Fayette,11305
Flint,Fayette,11306
Hopeful,Fayette,11307
Morning Creek,Fayette,11308
Rareover,Fayette,11309
Sandy Creek,Fayette,11310
Shakerag East,Fayette,11311
Shakerag West,Fayette,11312
Starrsmill,Fayette,11313
Whitewater,Fayette,11314
Woolsey,Fayette,11315
McIntosh,Fayette,11316
Oak Grove,Fayette,11317
Kedron,Fayette,11318
Aberdeen,Fayette,11319
Windgate,Fayette,11320
Flat Creek,Fayette,11321
Braelinn,Fayette,11322
Kenwood,Fayette,11323
Banks,Fayette,11324
Harps Crossing,Fayette,11325
Willow Pond,Fayette,11326
Dogwood,Fayette,11327
Oak Ridge,Fayette,11328
Jeff Davis,Fayette,11329
Murphy,Fayette,11330
Fielding Ridge,Fayette,11331
Willowbend,Fayette,11332
Camp Creek,Fayette,11333
Rising Star,Fayette,11334
Spring Hill,Fayette,11335
Antioch,Fayette,11336
Alto Park,Floyd,115001
Armuchee,Floyd,115010
Barkers,Floyd,115015
Cave Spring,Floyd,115020
Chulio,Floyd,115025
Etowah,Floyd,115030
Everett Springs,Floyd,115035
Floyd Springs,Floyd,115040
Fosters Mill,Floyd,115045
Garden Lakes,Floyd,115050
Glenwood,Floyd,115055
Howell,Floyd,115060
East Lindale,Floyd,115065
Mt Alto North,Floyd,115075
Mt Alto South,Floyd,115076
North Carolina,Floyd,115080
Riverside,Floyd,115085
East Rome,Floyd,115090
North Rome,Floyd,115105
South Rome,Floyd,115110
Texas Valley,Floyd,115115
Vanns Valley,Floyd,115125
Watters,Floyd,115130
West Lindale,Floyd,115135
Town Rome,Floyd,115140
01 Big Creek,Forsyth,11701
02 Brandywine,Forsyth,11702
03 Browns Bridge,Forsyth,11703
04 Chestatee,Forsyth,11704
05 Coal Mountain,Forsyth,11705
06 Crossroads,Forsyth,11706
07 Cumming,Forsyth,11707
08 Mashburn,Forsyth,11708
10 Midway,Forsyth,11710
15 Heardsville,Forsyth,11715
16 Otwell,Forsyth,11716
19 Old Atlanta,Forsyth,11719
21 South Forsyth,Forsyth,11721
25 Windermere,Forsyth,11725
27 Concord,Forsyth,11727
29 Polo,Forsyth,11729
34 Fowler,Forsyth,11734
35 Johns Creek,Forsyth,11735
36 Nichols,Forsyth,11736
37 Sawnee,Forsyth,11737
Carnesville,Franklin,1191
West Franklin,Franklin,1192
Northeast Franklin,Franklin,1193
Lavonia,Franklin,1194
Canon,Franklin,1195
Royston,Franklin,1196
Southwest Franklin,Franklin,1197
01A,Fulton,12101A
01B,Fulton,12101B
01C,Fulton,12101C
01D,Fulton,12101D
01E,Fulton,12101E
01F,Fulton,12101F
01G,Fulton,12101G
01H,Fulton,12101H
01I,Fulton,12101I
01J,Fulton,12101J
01P,Fulton,12101P
01R,Fulton,12101R
01S,Fulton,12101S
01T,Fulton,12101T
02A,Fulton,12102A
02A1,Fulton,12102A1
02B,Fulton,12102B
02C,Fulton,12102C
02D,Fulton,12102D
02E,Fulton,12102E
02F1,Fulton,12102F1
02F2,Fulton,12102F2
02G,Fulton,12102G
02J,Fulton,12102J
02K,Fulton,12102K
02L1,Fulton,12102L1
02L1A,Fulton,12102L1A
02L2,Fulton,12102L2
02S,Fulton,12102S
02W,Fulton,12102W
03A,Fulton,12103A
03B,Fulton,12103B
03C,Fulton,12103C
03D,Fulton,12103D
03E,Fulton,12103E
03F,Fulton,12103F
03G,Fulton,12103G
03H,Fulton,12103H
03I,Fulton,12103I
03L,Fulton,12103L
03M,Fulton,12103M
03N,Fulton,12103N
03P1A,Fulton,12103P1A
03P2,Fulton,12103P2
03S,Fulton,12103S
03T,Fulton,12103T
04A,Fulton,12104A
04B,Fulton,12104B
04C,Fulton,12104C
04D,Fulton,12104D
04F,Fulton,12104F
04G,Fulton,12104G
04I,Fulton,12104I
04J,Fulton,12104J
04K,Fulton,12104K
04L,Fulton,12104L
04M,Fulton,12104M
04S,Fulton,12104S
04T,Fulton,12104T
04V,Fulton,12104V
04W,Fulton,12104W
04X1,Fulton,12104X1
04X2,Fulton,12104X2
05A1,Fulton,12105A1
05A2,Fulton,12105A2
05B,Fulton,12105B
05C,Fulton,12105C
05D,Fulton,12105D
05F,Fulton,12105F
05J,Fulton,12105J
05K,Fulton,12105K
06B,Fulton,12106B
06D,Fulton,12106D
06D1,Fulton,12106D1
06D2,Fulton,12106D2
06E,Fulton,12106E
06F,Fulton,12106F
06G,Fulton,12106G
06I,Fulton,12106I
06J,Fulton,12106J
06L1,Fulton,12106L1
06L2,Fulton,12106L2
06N,Fulton,12106N
06Q,Fulton,12106Q
06R,Fulton,12106R
07A,Fulton,12107A
07B,Fulton,12107B
07C,Fulton,12107C
07D,Fulton,12107D
07E,Fulton,12107E
07F,Fulton,12107F
07H,Fulton,12107H
07J,Fulton,12107J
07M,Fulton,12107M
07N,Fulton,12107N
08A,Fulton,12108A
08B,Fulton,12108B
08C,Fulton,12108C
08D,Fulton,12108D
08E,Fulton,12108E
08F1,Fulton,12108F1
08G,Fulton,12108G
08H,Fulton,12108H
08J,Fulton,12108J
08K,Fulton,12108K
08L,Fulton,12108L
08M,Fulton,12108M
08N1,Fulton,12108N1
08N2,Fulton,12108N2
08P,Fulton,12108P
09A,Fulton,12109A
09B,Fulton,12109B
09C,Fulton,12109C
09D,Fulton,12109D
09E,Fulton,12109E
09F,Fulton,12109F
09G,Fulton,12109G
09H,Fulton,12109H
09I,Fulton,12109I
09K,Fulton,12109K
09K1,Fulton,12109K1
09M,Fulton,12109M
10A,Fulton,12110A
10B,Fulton,12110B
10C,Fulton,12110C
10D,Fulton,12110D
10E,Fulton,12110E
10F,Fulton,12110F
10G,Fulton,12110G
10H1,Fulton,12110H1
10H2,Fulton,12110H2
10I,Fulton,12110I
10J,Fulton,12110J
10K,Fulton,12110K
10M,Fulton,12110M
10P,Fulton,12110P
10R,Fulton,12110R
11B,Fulton,12111B
11B1,Fulton,12111B1
11C,Fulton,12111C
11E1,Fulton,12111E1
11E2,Fulton,12111E2
11E3,Fulton,12111E3
11G,Fulton,12111G
11H,Fulton,12111H
11J,Fulton,12111J
11K,Fulton,12111K
11M,Fulton,12111M
11M1,Fulton,12111M1
11N,Fulton,12111N
11P,Fulton,12111P
11R,Fulton,12111R
12A,Fulton,12112A
12A1,Fulton,12112A1
12D,Fulton,12112D
12E1,Fulton,12112E1
12F,Fulton,12112F
12G,Fulton,12112G
12H1,Fulton,12112H1
12H2,Fulton,12112H2
12I,Fulton,12112I
12J,Fulton,12112J
12K,Fulton,12112K
12L,Fulton,12112L
12M,Fulton,12112M
12N,Fulton,12112N
12S,Fulton,12112S
AP01A,Fulton,121AP01A
AP01B,Fulton,121AP01B
AP01C,Fulton,121AP01C
AP01D,Fulton,121AP01D
AP021,Fulton,121AP021
AP022,Fulton,121AP022
AP02B,Fulton,121AP02B
AP03,Fulton,121AP03
AP04A,Fulton,121AP04A
AP04B,Fulton,121AP04B
AP05,Fulton,121AP05
AP06,Fulton,121AP06
AP07A,Fulton,121AP07A
AP07B,Fulton,121AP07B
AP09A,Fulton,121AP09A
AP09B,Fulton,121AP09B
AP10,Fulton,121AP10
AP12A,Fulton,121AP12A
AP12B,Fulton,121AP12B
AP12C,Fulton,121AP12C
AP14,Fulton,121AP14
CH01,Fulton,121CH01
CH02,Fulton,121CH02
CH03,Fulton,121CH03
CH04A,Fulton,121CH04A
CH05,Fulton,121CH05
CP011,Fulton,121CP011
CP012,Fulton,121CP012
CP01B,Fulton,121CP01B
CP02,Fulton,121CP02
CP04A,Fulton,121CP04A
CP04B,Fulton,121CP04B
CP051,Fulton,121CP051
CP05B,Fulton,121CP05B
CP06A,Fulton,121CP06A
CP07B,Fulton,121CP07B
CP07C,Fulton,121CP07C
CP07D,Fulton,121CP07D
CP07E,Fulton,121CP07E
CP07F,Fulton,121CP07F
CP081,Fulton,121CP081
CP083,Fulton,121CP083
CP084,Fulton,121CP084
CP08A,Fulton,121CP08A
EP01A,Fulton,121EP01A
EP01B,Fulton,121EP01B
EP02A,Fulton,121EP02A
EP02B,Fulton,121EP02B
EP02C,Fulton,121EP02C
EP02D,Fulton,121EP02D
EP02E,Fulton,121EP02E
EP03A,Fulton,121EP03A
EP03B,Fulton,121EP03B
EP04A,Fulton,121EP04A
EP04B,Fulton,121EP04B
EP04C,Fulton,121EP04C
FA01A,Fulton,121FA01A
FA01B,Fulton,121FA01B
FA01C,Fulton,121FA01C
FA01D,Fulton,121FA01D
FC01,Fulton,121FC01
FC02,Fulton,121FC02
FC03,Fulton,121FC03
HP01,Fulton,121HP01
JC01,Fulton,121JC01
JC01A,Fulton,121JC01A
JC02,Fulton,121JC02
JC03A,Fulton,121JC03A
JC03B,Fulton,121JC03B
JC04A,Fulton,121JC04A
JC04B,Fulton,121JC04B
JC04C,Fulton,121JC04C
JC05,Fulton,121JC05
JC06,Fulton,121JC06
JC07,Fulton,121JC07
JC08,Fulton,121JC08
JC09,Fulton,121JC09
JC10,Fulton,121JC10
JC11,Fulton,121JC11
JC12,Fulton,121JC12
JC13A,Fulton,121JC13A
JC13B,Fulton,121JC13B
JC14,Fulton,121JC14
JC15,Fulton,121JC15
JC16,Fulton,121JC16
JC18,Fulton,121JC18
JC19,Fulton,121JC19
ML01A,Fulton,121ML01A
ML01B,Fulton,121ML01B
ML02A,Fulton,121ML02A
ML02B,Fulton,121ML02B
ML03,Fulton,121ML03
ML03A,Fulton,121ML03A
ML04,Fulton,121ML04
ML05,Fulton,121ML05
ML06A,Fulton,121ML06A
ML06B,Fulton,121ML06B
ML07A,Fulton,121ML07A
ML07B,Fulton,121ML07B
MP01,Fulton,121MP01
PA01,Fulton,121PA01
RW01,Fulton,121RW01
RW02,Fulton,121RW02
RW03,Fulton,121RW03
RW04,Fulton,121RW04
RW05,Fulton,121RW05
RW06,Fulton,121RW06
RW07A,Fulton,121RW07A
RW07B,Fulton,121RW07B
RW08,Fulton,121RW08
RW09,Fulton,121RW09
RW09A,Fulton,121RW09A
RW10,Fulton,121RW10
RW11A,Fulton,121RW11A
RW12,Fulton,121RW12
RW12A,Fulton,121RW12A
RW13,Fulton,121RW13
RW16,Fulton,121RW16
RW17,Fulton,121RW17
RW19,Fulton,121RW19
RW20,Fulton,121RW20
RW21,Fulton,121RW21
RW22A,Fulton,121RW22A
SC01A,Fulton,121SC01A
SC01B,Fulton,121SC01B
SC01C,Fulton,121SC01C
SC02,Fulton,121SC02
SC04,Fulton,121SC04
SC05A,Fulton,121SC05A
SC05B,Fulton,121SC05B
SC05D,Fulton,121SC05D
SC05E,Fulton,121SC05E
SC07A,Fulton,121SC07A
SC07C,Fulton,121SC07C
SC07D,Fulton,121SC07D
SC08B,Fulton,121SC08B
SC08C,Fulton,121SC08C
SC08D,Fulton,121SC08D
SC08E,Fulton,121SC08E
SC08F,Fulton,121SC08F
SC08G,Fulton,121SC08G
SC08H,Fulton,121SC08H
SC09A,Fulton,121SC09A
SC09B,Fulton,121SC09B
SC09C,Fulton,121SC09C
SC10,Fulton,121SC10
SC11A,Fulton,121SC11A
SC11B,Fulton,121SC11B
SC13,Fulton,121SC13
SC14A,Fulton,121SC14A
SC15,Fulton,121SC15
SC15A,Fulton,121SC15A
SC16A,Fulton,121SC16A
SC17A,Fulton,121SC17A
SC17B,Fulton,121SC17B
SC17C,Fulton,121SC17C
SC18A,Fulton,121SC18A
SC18B,Fulton,121SC18B
SC18C,Fulton,121SC18C
SC19A,Fulton,121SC19A
SC19B,Fulton,121SC19B
SC20,Fulton,121SC20
SC211,Fulton,121SC211
SC212,Fulton,121SC212
SC23A,Fulton,121SC23A
SC23B,Fulton,121SC23B
SC23C,Fulton,121SC23C
SC27,Fulton,121SC27
SC29A,Fulton,121SC29A
SC30A,Fulton,121SC30A
SC30B,Fulton,121SC30B
SS01,Fulton,121SS01
SS02A,Fulton,121SS02A
SS02B,Fulton,121SS02B
SS03,Fulton,121SS03
SS04,Fulton,121SS04
SS05,Fulton,121SS05
SS06,Fulton,121SS06
SS07A,Fulton,121SS07A
SS07B,Fulton,121SS07B
SS07C,Fulton,121SS07C
SS08A,Fulton,121SS08A
SS08B,Fulton,121SS08B
SS08C,Fulton,121SS08C
SS08D,Fulton,121SS08D
SS09A,Fulton,121SS09A
SS09B,Fulton,121SS09B
SS11A,Fulton,121SS11A
SS11B,Fulton,121SS11B
SS11C,Fulton,121SS11C
SS11D,Fulton,121SS11D
SS12,Fulton,121SS12
SS13A,Fulton,121SS13A
SS13B,Fulton,121SS13B
SS14,Fulton,121SS14
SS15A,Fulton,121SS15A
SS15B,Fulton,121SS15B
SS16,Fulton,121SS16
SS17,Fulton,121SS17
SS18A,Fulton,121SS18A
SS18B,Fulton,121SS18B
SS19A,Fulton,121SS19A
SS19B,Fulton,121SS19B
SS20,Fulton,121SS20
SS22,Fulton,121SS22
SS26,Fulton,121SS26
SS29A,Fulton,121SS29A
SS31,Fulton,121SS31
UC01A,Fulton,121UC01A
UC01B,Fulton,121UC01B
UC01D,Fulton,121UC01D
UC01E,Fulton,121UC01E
UC02A,Fulton,121UC02A
UC02B,Fulton,121UC02B
UC02C,Fulton,121UC02C
UC031,Fulton,121UC031
UC032,Fulton,121UC032
Ellijay South,Gilmer,12301
Cartecay,Gilmer,12302
Tails Creek,Gilmer,12303
Town Creek,Gilmer,12304
Leaches,Gilmer,12305
Cherry Log,Gilmer,12306
Boardtown,Gilmer,12307
Mountaintown,Gilmer,12308
East Ellijay,Gilmer,12309
Ellijay North,Gilmer,12310
Yukon,Gilmer,12311
Big Creek,Gilmer,12312
Ellijay Northeast,Gilmer,12313
Edgehill,Glascock,125EDGH
Gibson,Glascock,125GIBS
Mill,Glascock,125MILL
Mitchell,Glascock,125MITC
Sterling Elementary,Glynn,1271713
Brookman,Glynn,1271923
Satilla Marshes,Glynn,1271933
Blythe Island Baptist,Glynn,1271943
Christian Renewal,Glynn,1272713
Hampton River,Glynn,1272923
St William Catholic Church,Glynn,1272933
First Baptist,Glynn,1272943
Jekyll Island,Glynn,1272953
Sterling Church of God,Glynn,1273713
SE Baptist Bldg,Glynn,1273723
Career Academy,Glynn,1273733
C B Greer School,Glynn,1273743
Ballard,Glynn,1274913
Northside Baptist,Glynn,1274923
The Chapel,Glynn,1274933
College Place UMC,Glynn,1275913
Howard Coffin Park,Glynn,1275923
Urbana-Perry Parks,Glynn,1275933
Selden Park,Glynn,1275943
Sugar Valley,Gordon,1291054
Plainville,Gordon,1291055
Sonoraville,Gordon,1291056
Pine Chapel,Gordon,1291063
Oostanaula,Gordon,1291064
Oakman,Gordon,1291235
Gordon County,Gordon,129849-A
Calhoun City,Gordon,129849-B
Lily Pond,Gordon,129856
Fairmount,Gordon,129874
Red Bud,Gordon,129973
Resaca,Gordon,129980
Blowing Cave,Grady,131B
Cairo 4th District,Grady,131C04
Cairo 5th District,Grady,131C05
Duncanville,Grady,131D
Higdon,Grady,131H
Limesink,Grady,131L
Midway,Grady,131M
Pine Park,Grady,131P
Ragan,Grady,131R
Spence,Grady,131S
Spring Hill,Grady,131SH
Whigham,Grady,131W
Woodland,Grady,131WL
Greensboro,Greene,133001
Union Point,Greene,133004
Siloam,Greene,133005
White Plains,Greene,133006
Old Salem,Greene,133008
HARBINS A,Gwinnett,135001
ROCKBRIDGE A,Gwinnett,135002
DACULA,Gwinnett,135003
SUWANEE A,Gwinnett,135004
BAYCREEK A,Gwinnett,135005
GOODWINS A,Gwinnett,135006
DULUTH A,Gwinnett,135007
DUNCANS A,Gwinnett,135008
PUCKETTS A,Gwinnett,135009
CATES A,Gwinnett,135010
BERKSHIRE A,Gwinnett,135011
BERKSHIRE B,Gwinnett,135012
DUNCANS C,Gwinnett,135013
GARNERS A,Gwinnett,135014
LAWRENCEVILLE A,Gwinnett,135015
LAWRENCEVILLE B,Gwinnett,135016
MARTINS A,Gwinnett,135017
MARTINS B,Gwinnett,135018
MARTINS C,Gwinnett,135019
PINCKNEYVILLE A,Gwinnett,135020
PINCKNEYVILLE B,Gwinnett,135021
PINCKNEYVILLE C,Gwinnett,135022
PINCKNEYVILLE D,Gwinnett,135023
SUGAR HILL A,Gwinnett,135024
SUGAR HILL B,Gwinnett,135025
HOG MOUNTAIN A,Gwinnett,135026
HOG MOUNTAIN B,Gwinnett,135027
ROCKYCREEK A,Gwinnett,135028
CATES B,Gwinnett,135029
CATES C,Gwinnett,135030
HOG MOUNTAIN D,Gwinnett,135031
BERKSHIRE D,Gwinnett,135032
BERKSHIRE E,Gwinnett,135033
BERKSHIRE F,Gwinnett,135034
CATES D,Gwinnett,135035
CATES E,Gwinnett,135036
PINCKNEYVILLE E,Gwinnett,135037
PINCKNEYVILLE F,Gwinnett,135038
DUNCANS D,Gwinnett,135039
PINCKNEYVILLE H,Gwinnett,135040
BAYCREEK B,Gwinnett,135041
LAWRENCEVILLE C,Gwinnett,135042
MARTINS D,Gwinnett,135043
ROCKBRIDGE B,Gwinnett,135044
GARNERS B,Gwinnett,135045
CATES F,Gwinnett,135046
CATES G,Gwinnett,135047
DULUTH B,Gwinnett,135048
GARNERS C,Gwinnett,135049
PINCKNEYVILLE I,Gwinnett,135050
PINCKNEYVILLE J,Gwinnett,135051
BERKSHIRE G,Gwinnett,135052
CATES H,Gwinnett,135053
SUGAR HILL C,Gwinnett,135054
SUGAR HILL D,Gwinnett,135055
DULUTH C,Gwinnett,135056
DULUTH D,Gwinnett,135057
PINCKNEYVILLE K,Gwinnett,135058
PINCKNEYVILLE N,Gwinnett,135059
LAWRENCEVILLE D,Gwinnett,135060
LAWRENCEVILLE E,Gwinnett,135061
PINCKNEYVILLE L,Gwinnett,135062
PINCKNEYVILLE M,Gwinnett,135063
GARNERS D,Gwinnett,135064
BERKSHIRE H,Gwinnett,135065
PINCKNEYVILLE O,Gwinnett,135066
PUCKETTS E,Gwinnett,135067
CATES I,Gwinnett,135068
CATES J,Gwinnett,135069
GOODWINS B,Gwinnett,135070
LAWRENCEVILLE F,Gwinnett,135071
MARTINS E,Gwinnett,135072
PINCKNEYVILLE P,Gwinnett,135073
PINCKNEYVILLE Q,Gwinnett,135074
ROCKBRIDGE C,Gwinnett,135075
ROCKBRIDGE D,Gwinnett,135076
GOODWINS C,Gwinnett,135077
BAYCREEK K,Gwinnett,135078
CATES K,Gwinnett,135079
BAYCREEK C,Gwinnett,135080
CATES L,Gwinnett,135081
DULUTH E,Gwinnett,135082
GOODWINS D,Gwinnett,135083
LAWRENCEVILLE G,Gwinnett,135084
LAWRENCEVILLE H,Gwinnett,135085
MARTINS F,Gwinnett,135086
PINCKNEYVILLE S,Gwinnett,135087
ROCKBRIDGE E,Gwinnett,135088
SUGAR HILL E,Gwinnett,135089
LAWRENCEVILLE I,Gwinnett,135090
BAYCREEK D,Gwinnett,135091
BERKSHIRE J,Gwinnett,135092
CATES M,Gwinnett,135093
CATES N,Gwinnett,135094
DULUTH F,Gwinnett,135095
DULUTH G,Gwinnett,135096
GOODWINS E,Gwinnett,135097
GOODWINS F,Gwinnett,135098
PINCKNEYVILLE T,Gwinnett,135099
SUWANEE B,Gwinnett,135100
PINCKNEYVILLE U,Gwinnett,135101
PUCKETTS B,Gwinnett,135102
BERKSHIRE L,Gwinnett,135103
ROCKBRIDGE F,Gwinnett,135104
SUGAR HILL F,Gwinnett,135105
SUWANEE C,Gwinnett,135106
CATES O,Gwinnett,135107
BAYCREEK E,Gwinnett,135108
BERKSHIRE M,Gwinnett,135109
MARTINS G,Gwinnett,135110
DULUTH H,Gwinnett,135111
BERKSHIRE N,Gwinnett,135112
PINCKNEYVILLE V,Gwinnett,135113
PINCKNEYVILLE W,Gwinnett,135114
MARTINS H,Gwinnett,135115
MARTINS I,Gwinnett,135116
MARTINS J,Gwinnett,135117
GARNERS F,Gwinnett,135118
BERKSHIRE O,Gwinnett,135119
BERKSHIRE P,Gwinnett,135120
PINCKNEYVILLE X,Gwinnett,135121
ROCKBRIDGE G,Gwinnett,135122
PINCKNEYVILLE Y,Gwinnett,135123
GOODWINS G,Gwinnett,135124
PINCKNEYVILLE Z,Gwinnett,135125
PINCKNEYVILLE A1,Gwinnett,135126
LAWRENCEVILLE J,Gwinnett,135127
GOODWINS H,Gwinnett,135128
DUNCANS B,Gwinnett,135129
SUWANEE D,Gwinnett,135130
SUWANEE E,Gwinnett,135131
LAWRENCEVILLE K,Gwinnett,135132
HARBINS B,Gwinnett,135133
BAYCREEK F,Gwinnett,135134
PUCKETTS C,Gwinnett,135135
HOG MOUNTAIN C,Gwinnett,135136
ROCKYCREEK B,Gwinnett,135137
DULUTH I,Gwinnett,135138
MARTINS K,Gwinnett,135139
SUWANEE H,Gwinnett,135140
SUGAR HILL G,Gwinnett,135141
SUWANEE F,Gwinnett,135142
LAWRENCEVILLE L,Gwinnett,135143
LAWRENCEVILLE M,Gwinnett,135144
BAYCREEK G,Gwinnett,135145
BAYCREEK H,Gwinnett,135146
BAYCREEK I,Gwinnett,135147
BERKSHIRE Q,Gwinnett,135148
GOODWINS I,Gwinnett,135149
DULUTH K,Gwinnett,135150
HARBINS C,Gwinnett,135151
ROCKYCREEK C,Gwinnett,135152
LAWRENCEVILLE N,Gwinnett,135153
PUCKETTS D,Gwinnett,135154
SUWANEE G,Gwinnett,135155
BAYCREEK J,Gwinnett,135156
Habersham North,Habersham,13701
Habersham South,Habersham,13702
Demorest,Habersham,13703
Town of Mt Airy,Habersham,13704
City of Baldwin,Habersham,13705
Mud Creek,Habersham,13706
Amys Creek,Habersham,13707
Wilson,Hall,139001
Chicopee,Hall,139002
Oakwood I,Hall,139003
Oakwood II,Hall,139004
Flowery Branch I,Hall,139005
Flowery Branch II,Hall,139006
Roberts,Hall,139007
Morgan I,Hall,139008
Morgan II,Hall,139009
Candler,Hall,139010
Tadmore,Hall,139011
Glade,Hall,139012
Lula,Hall,139013
Clermont,Hall,139014
Quillians,Hall,139015
Bark Camp,Hall,139016
Chestatee,Hall,139017
Fork,Hall,139018
Whelchel,Hall,139019
West Whelchel,Hall,139020
Gainesville I,Hall,139021
Gainesville II,Hall,139022
Gainesville III,Hall,139023
Gainesville IV,Hall,139024
Gainesville V,Hall,139025
Gillsville,Hall,139026
Big Hickory,Hall,139027
Friendship I,Hall,139028
Friendship II,Hall,139029
Friendship III,Hall,139030
Friendship IV,Hall,139031
Devereux Fire Station,Hancock,1411A
St Mark,Hancock,1411B
Courthouse,Hancock,1412A
Second Beulah,Hancock,1412B
Mayfield Community Center,Hancock,1413A
Power of God,Hancock,1413B
Warren Chapel,Hancock,1413C
Youth Center,Hancock,1414A
Second Darrien,Hancock,1414B
Sparta 4C,Hancock,1414C
Bremen,Haralson,14302
Buchanan,Haralson,14303
Buncombe,Haralson,14304
Corinth,Haralson,14305
Twentieth,Haralson,14306
Felton,Haralson,14307
Little Creek,Haralson,14308
Mt View,Haralson,14309
Seventh,Haralson,14310
Berea-Steadman,Haralson,14311
Tallapoosa,Haralson,14312
Waco,Haralson,14313
Cataula,Harris,145CA
Ellerslie,Harris,145EL
Goodman,Harris,145GM
Hamilton,Harris,145HA
Lower 19th,Harris,145L9
Mulberry Grove,Harris,145MG
Pine Mountain Valley,Harris,145PV
Skinner,Harris,145SK
Upper 19th,Harris,145U9
Valley Plains,Harris,145VP
Waverly Hall,Harris,145WA
Whitesville,Harris,145WH
Hartwell,Hart,1472
Goldmine,Hart,1473
Cokesbury,Hart,1474
Reed Creek,Hart,1475
Bowersville,Hart,1476
Shoal Creek,Hart,1477
Bio,Hart,1478
Centralhatchee,Heard,149CEN
Cooksville-Corinth,Heard,149COO
Enon Grove,Heard,149ENO
Ephesus,Heard,149EPH
Franklin,Heard,149FRA
Southwest,Heard,149SOU
Locust Grove,Henry,15125
Tussahaw,Henry,15126
Sandy Ridge,Henry,15127
Westside,Henry,15128
Lowes,Henry,15129
South Hampton,Henry,15130
North Hampton,Henry,15131
Mt Carmel,Henry,15132
Red Oak,Henry,15133
Wesley Lakes,Henry,15134
McDonough,Henry,15135
McMullen,Henry,15136
East Lake,Henry,15137
Hickory Flat,Henry,15138
Stockbridge East-West,Henry,15139
Stagecoach,Henry,15141
Cotton Indian,Henry,15142
Pleasant Grove,Henry,15143
Austin Road,Henry,15144
Swan Lake,Henry,15145
Shakerag,Henry,15146
Ellenwood,Henry,15147
Unity Grove,Henry,15148
Shiloh,Henry,15149
Pates Creek,Henry,15150
Oakland,Henry,15151
Lake Dow,Henry,15152
Flippen,Henry,15153
Stockbridge Central,Henry,15154
Kelleytown,Henry,15155
Lighthouse,Henry,15156
Dutchtown,Henry,15157
Mt Bethel,Henry,15158
Grove Park,Henry,15159
Lake Haven,Henry,15160
McDonough Central,Henry,15161
Timberridge,Henry,15162
ANNX,Houston,153ANNX
BMS,Houston,153BMS
CENT,Houston,153CENT
CGTC,Houston,153CGTC
FMMS,Houston,153FMMS
HAFS,Houston,153HAFS
HCTC,Houston,153HCTC
HEFS,Houston,153HEFS
HHPC,Houston,153HHPC
MCMS,Houston,153MCMS
NSES,Houston,153NSES
RECR,Houston,153RECR
ROZR,Houston,153ROZR
TMS,Houston,153TMS
TWPK,Houston,153TWPK
VHS,Houston,153VHS
Irwinville,Irwin,1550901
Ocilla,Irwin,1551529
Holt,Irwin,1551753
Central Jackson,Jackson,1571000
North Jackson,Jackson,1572000
West Jackson,Jackson,1573000
South Jackson,Jackson,1574000
Wyatt,Jasper,159290
Monticello,Jasper,159295
Martin-Burney,Jasper,159296
Hazlehurst,Jeff Davis,161100
Altamaha 1,Jeff Davis,161201
Altamaha 2,Jeff Davis,161202
Blackburn 1,Jeff Davis,161301
Blackburn 2,Jeff Davis,161302
Whitehead 1,Jeff Davis,161401
Whitehead 2,Jeff Davis,161402
Ocmulgee 1,Jeff Davis,161501
Ocmulgee 2,Jeff Davis,161502
Stapleton Crossroads,Jefferson,1630076
Matthews,Jefferson,1630077
Wrens,Jefferson,1630081
Louisville,Jefferson,1630082
Wadley,Jefferson,1630083
Bartow,Jefferson,1630085
Stapleton,Jefferson,1631460
Avera,Jefferson,1631593
Primary School,Jenkins,1651
Court House,Jenkins,1652
Perkins,Jenkins,1653
Senior Citizens Center,Jenkins,1654
Four Points,Jenkins,1655
Wrightsville,Johnson,1671201
Smith,Johnson,1671266
Bray,Johnson,1671301
Kite,Johnson,16755
Gray,Jones,1691
Hawkins,Jones,16910
Ethridge,Jones,16911
Clinton,Jones,1692
Roberts,Jones,1693
Davidson,Jones,1694
Pope,Jones,1695
Barron,Jones,1696
Sanders,Jones,1698
Finney,Jones,1699
Barnesville,Lamar,1711711
Senior Citizen Bldg,Lamar,1711712B
Redbone,Lamar,1711712C
L C S C,Lamar,1711713
Milner,Lamar,1711714
Lakeland,Lanier,1731
FBC-FLC,Laurens,17503
Calhoun Park,Laurens,17504
Fire Dept Sta 5,Laurens,17505
Buckeye,Laurens,17507
Burch,Laurens,17508
Cadwell,Laurens,17510
Brewton,Laurens,17511
Dudley,Laurens,17512
Hampton Mill,Laurens,17513
Harvard,Laurens,17514
Minter,Laurens,17515
Rural Fire Sta 17,Laurens,17516
W T Adams Fire Sta 18,Laurens,17518
Reedy Springs,Laurens,17519
Smith,Laurens,17521
LCFS 10 Valambrosia,Laurens,17522
Chokee,Lee,1771
Redbone,Lee,17710
Smithville,Lee,1772
CJC,Lee,1773
Leesburg,Lee,1774
Friendship Baptist,Lee,1775
First Baptist,Lee,1776
SDA Church,Lee,1777
Flint Reformed Baptist,Lee,1778
Century Fire Station,Lee,1779
Riceboro Youth Center,Liberty,1791
Lyman Hall School,Liberty,17910
Lewis Frasier School,Liberty,17911
Memorial Dr East,Liberty,17912
Button Gwinnett,Liberty,17913
Town of Allenhurst,Liberty,17914
Hinesville,Liberty,1792
Liberty County Complex,Liberty,1793
Walthourville,Liberty,1794
Fleming West,Liberty,1795
Fleming East,Liberty,1796
Gum Branch,Liberty,1797
Hinesville Lodge 271,Liberty,1799
Midway,Lincoln,1811-A
Lincoln Club House,Lincoln,1811-B
Lincoln Center,Lincoln,1812
Faith Temple of Lincoln,Lincoln,1813-A
Tabernacle,Lincoln,1813-B
Bethany Church,Lincoln,1814-A
Martins Crossroad,Lincoln,1814-B
Beards Creek,Long,1831
Rye Patch/Oak Dale,Long,1832
South Ludowici,Long,1833
North Ludowici,Long,1834
Tibet,Long,1835
Alma Flournoy,Long,1836
Faith Baptist Annex,Long,1837
Hahira Train Depot,Lowndes,185001
Trinity,Lowndes,185002
Northside,Lowndes,185003
Naylor,Lowndes,185004
Rainwater,Lowndes,185005
Mildred,Lowndes,185006
Clyattville,Lowndes,185007
Dasher,Lowndes,185008
S Lowndes,Lowndes,185009
VSU UC # 2,Lowndes,185010
Jaycee Shack,Lowndes,185011
Northgate Assembly,Lowndes,185012
Mt Calvary,Lowndes,185013
Dahlonega,Lumpkin,187DA
Ideal,Macon,1931
Oglethorpe,Macon,1932
Marshallville,Macon,1933
Montezuma #4,Macon,1934
Montezuma #5,Macon,1935
Colbert,Madison,195COB
Collins,Madison,195COL
Comer,Madison,195COM
Danielsville,Madison,195DAN
Fork,Madison,195FOR
Harrison,Madison,195HAR
Hull,Madison,195HUL
Ila,Madison,195ILA
Mill,Madison,195MIL
Paoli,Madison,195PAO
Pittman,Madison,195PIT
Poca,Madison,195POC
Pineknot,Marion,197339
Buena Vista,Marion,197807
Tazewell,Marion,197808
Brantley,Marion,197948
Fort Perry,Marion,197955
131,McDuffie,189131
132,McDuffie,189132
133A,McDuffie,189133A
133B,McDuffie,189133B
134,McDuffie,189134
135,McDuffie,189135
136,McDuffie,189136
137,McDuffie,189137
139,McDuffie,189139
Sapelo Island,McIntosh,1911312
Townsend,McIntosh,1911480
Crescent,McIntosh,1911515
Darien,McIntosh,1911771
South Newport,McIntosh,19122
North Darien,McIntosh,191271
Chalybeate,Meriwether,19901
Gill I,Meriwether,19902
Gill II,Meriwether,19903
Odessadale,Meriwether,19904
Greenville,Meriwether,19905
Lone Oak,Meriwether,19906
Luthersville,Meriwether,19907
Alvaton,Meriwether,19908
Gay,Meriwether,19909
Woodbury,Meriwether,19910
Warm Springs,Meriwether,19911
Durand,Meriwether,19912
Raleigh,Meriwether,19913
Cove,Meriwether,19914
Colquitt-Miller,Miller,2011
Baconton,Mitchell,205BA
Branchville,Mitchell,205BV
Camilla North,Mitchell,205CN
Camilla South,Mitchell,205CS
Cotton,Mitchell,205CT
Hopeful,Mitchell,205HF
Hinsonton,Mitchell,205HI
Lester,Mitchell,205LS
Pebble City,Mitchell,205PC
Pelham,Mitchell,205PE
Sale City,Mitchell,205SC
Bentons,Monroe,20701
Brantleys,Monroe,20702
Burgays,Monroe,20703
Cabaniss,Monroe,20704
Cox,Monroe,20705
Culloden,Monroe,20706
Dillards,Monroe,20707
Evers,Monroe,20708
Forsyth,Monroe,20709
High Falls,Monroe,20710
Kelseys,Monroe,20711
Middlebrooks,Monroe,20712
Proctors,Monroe,20713
Russellville,Monroe,20714
Ailey,Montgomery,20901
Alston,Montgomery,20902
Higgston,Montgomery,20903
Kibbee,Montgomery,20904
Mount Vernon,Montgomery,20905
Tarrytown,Montgomery,20906
Uvalda,Montgomery,20907
Northeast Morgan,Morgan,21101
East Morgan,Morgan,21102
Beth/Springfield,Morgan,21103
Central Morgan,Morgan,21104
Clacks Chapel,Morgan,21105
West Morgan,Morgan,21106
North Morgan,Morgan,21107
McDonald,Murray,2131013
Shuck Pen,Murray,2131039
Southwest,Murray,2131291
Spring Place,Murray,2131895
Town,Murray,213824
Carters-Doolittle,Murray,213872
North,Murray,213874
Wynnton/Britt,Muscogee,215101
Carver/Mack,Muscogee,215102
St John/Belvedere,Muscogee,215103
Britt David,Muscogee,215104
St Peter,Muscogee,215105
Cornerstone,Muscogee,215106
Columbus Tech,Muscogee,215107
St Mark/Heiferhorn,Muscogee,215108
Wynnbrook,Muscogee,215109
Cusseta Rd,Muscogee,215110
Our Lady of Lourdes,Muscogee,215112
Mt Pilgrim,Muscogee,215113
Faith Tabernacle,Muscogee,215114
Canaan,Muscogee,215115
Holsey/Buena Vista,Muscogee,215116
Gentian/Reese,Muscogee,215117
St Paul/Clubview,Muscogee,215118
Moon/Morningside,Muscogee,215119
St Andrews/Midland,Muscogee,215120
Salvation Army,Muscogee,215121
First African,Muscogee,215122
Epworth UMC,Muscogee,215124
Marianna Gallops,Muscogee,215125
Edgewood Baptist,Muscogee,215126
Psalmond/Mathews,Muscogee,215127
City Pond,Newton,21701
Town,Newton,21702
Almon,Newton,21703
Alcovy,Newton,21704
Covington Mills,Newton,21705
Brewers,Newton,21706
Brick Store,Newton,21707
Cedar Shoals,Newton,21708
Livingston,Newton,21709
Downs,Newton,21710
Gum Creek,Newton,21712
Beaverdam,Newton,21713
Leguinn,Newton,21714
Mansfield,Newton,21715
Newborn,Newton,21716
Oxford,Newton,21717
Rocky Plains,Newton,21718
Buck Creek,Newton,21719
Stansells,Newton,21720
Fairview,Newton,21723
Crowell,Newton,21724
Hub,Newton,21725
City Hall,Oconee,21901
Colham Ferry,Oconee,21902
Antioch,Oconee,21903
Farmington,Oconee,21904
Bishop,Oconee,21905
High Shoals,Oconee,21906
North Oconee,Oconee,21907
Dark Corner,Oconee,21908
Bogart,Oconee,21909
Marswood Hall,Oconee,21910
East Oconee,Oconee,21911
Civic Center,Oconee,21912
Beaverdam,Oglethorpe,221BV
Crawford,Oglethorpe,221CR
Lexington,Oglethorpe,221LX
Burnt Hickory Park,Paulding,223001B
Crossroads Library,Paulding,223002C
Shelton Elementary,Paulding,223003C
Russom Elementary,Paulding,223004C
Paulding Sr Center,Paulding,223005C
Legacy Bapt Church,Paulding,223006B
Watson Govt Cmplx,Paulding,223007B
West Ridge Church,Paulding,223008C
Events Place,Paulding,223009B
Poplar Sprgs Bapt Church,Paulding,223010B
D Wright Innovation Ctr,Paulding,223011C
Nebo Elem School,Paulding,223013B
White Oak Park,Paulding,223014B
Mulberry Rock Park,Paulding,223015C
Beulahland Baptist Church,Paulding,223016C
Paulding County Airport,Paulding,223017C
Picketts Mill Baptist Church,Paulding,223018C
Taylor Farm Park,Paulding,223012C
Dobbins Middle School,Paulding,223019C
Byron 1,Peach,225B1
Byron 2,Peach,225B2
Claude,Peach,225C1
Fort Valley 1,Peach,225F1
Fort Valley 2,Peach,225F2
Fort Valley 3,Peach,225F3
Powersville,Peach,225P1
Yellow Creek,Pickens,2271
Sharptop,Pickens,22710
Appalachian,Pickens,22711
Refuge,Pickens,22712
Hill,Pickens,2272
Hinton,Pickens,2273
Jerusalem,Pickens,2274
Ludville,Pickens,2275
Nelson,Pickens,2276
Talking Rock,Pickens,2277
Jasper,Pickens,2278
Tate,Pickens,2279
Hacklebarney-Cason,Pierce,2290001
Blackshear,Pierce,2290002
St Johns-Blackshear,Pierce,2293A
Otter Creek,Pierce,2293B
Patterson,Pierce,2294A
Mershon,Pierce,2294B
Alabaha,Pierce,2294C
Sunset-Sweat,Pierce,2294D
Concord,Pike,2311
Hollonville,Pike,2312
Meansville,Pike,2313
Molena,Pike,2314
Second District,Pike,2315
Lifsey Springs,Pike,2316
Williamson,Pike,2317
Zebulon,Pike,2318
Aragon,Polk,23301
Blooming Grove,Polk,23302
Cedartown,Polk,23303
Fish Creek,Polk,23304
Lake Creek,Polk,23305
Rockmart,Polk,23306
Youngs Grove,Polk,23307
Courthouse Annex,Pulaski,235ANNEX
101,Putnam,237101
104,Putnam,237104
105,Putnam,237105
106,Putnam,237106
107,Putnam,237107
Georgetown,Quitman,239G
Morris,Quitman,239M
Rabun County,Rabun,241RABUN
Coleman,Randolph,243131
Shellman,Randolph,243334
Benevolence,Randolph,243566
Cuthbert-Courthouse,Randolph,243718A
Cuthbert,Randolph,243718B
Springvale,Randolph,243954
101,Richmond,245101
102,Richmond,245102
103,Richmond,245103
104,Richmond,245104
105,Richmond,245105
106,Richmond,245106
107,Richmond,245107
108,Richmond,245108
109,Richmond,245109
111,Richmond,245111
112,Richmond,245112
114,Richmond,245114
201,Richmond,245201
115,Richmond,245115
202,Richmond,245202
203,Richmond,245203
204,Richmond,245204
207,Richmond,245207
208,Richmond,245208
210,Richmond,245210
301,Richmond,245301
302,Richmond,245302
303,Richmond,245303
304,Richmond,245304
305,Richmond,245305
306,Richmond,245306
307,Richmond,245307
308,Richmond,245308
309,Richmond,245309
310,Richmond,245310
401,Richmond,245401
402,Richmond,245402
404,Richmond,245404
405,Richmond,245405
406,Richmond,245406
501,Richmond,245501
502,Richmond,245502
503,Richmond,245503
504,Richmond,245504
506,Richmond,245506
507,Richmond,245507
509,Richmond,245509
601,Richmond,245601
603,Richmond,245603
604,Richmond,245604
605,Richmond,245605
607,Richmond,245607
608,Richmond,245608
701,Richmond,245701
702,Richmond,245702
703,Richmond,245703
705,Richmond,245705
706,Richmond,245706
707,Richmond,245707
708,Richmond,245708
709,Richmond,245709
801,Richmond,245801
801B,Richmond,245801B
802,Richmond,245802
803,Richmond,245803
804,Richmond,245804
804H,Richmond,245804H
805,Richmond,245805
806,Richmond,245806
807,Richmond,245807
808,Richmond,245808
809,Richmond,245809
810,Richmond,245810
BA,Rockdale,247BA
BT,Rockdale,247BT
CO,Rockdale,247CO
FI,Rockdale,247FI
FS,Rockdale,247FS
HC,Rockdale,247HC
HI,Rockdale,247HI
LA,Rockdale,247LA
LO,Rockdale,247LO
MA,Rockdale,247MA
MI,Rockdale,247MI
OT,Rockdale,247OT
RO,Rockdale,247RO
SM,Rockdale,247SM
SP,Rockdale,247SP
ST,Rockdale,247ST
Precinct One,Schley,24901
Sylvania,Screven,25101
Hunters,Screven,25102
Newington,Screven,25103
Jenk Hill Fire Sta,Screven,25104
Rocky Ford,Screven,25105
Bay Branch,Screven,25106
Hiltonia,Screven,25107
Screven Rec Dept,Screven,25108
Greenhill Church,Screven,25109
Sr Citizens Center,Screven,25110
Jackson Fire Station,Screven,25111
Cooperville Fire Station,Screven,25112
Precinct 1,Seminole,2531
Precinct 2,Seminole,2532
Precinct 3,Seminole,2533
Precinct 4,Seminole,2534
Precinct 5,Seminole,2535
01,Spalding,25501
02,Spalding,25502
03,Spalding,25503
05,Spalding,25505
06,Spalding,25506
07,Spalding,25507
08,Spalding,25508
09,Spalding,25509
10,Spalding,25510
11,Spalding,25511
12,Spalding,25512
13,Spalding,25513
14,Spalding,25514
16,Spalding,25516
17,Spalding,25517
19,Spalding,25519
20,Spalding,25520
21,Spalding,25521
Senior Center,Stephens,257SC1
Richland,Stewart,25902
Louvale,Stewart,25904
Lumpkin,Stewart,25905
Omaha,Stewart,25906
Agri-Center,Sumter,261W-27
Airport,Sumter,261E-27
Andersonville,Sumter,26129
Browns Mill,Sumter,26128
Concord,Sumter,261N-26
GSW Conf Center,Sumter,261C2-27
Leslie,Sumter,26115
Plains,Sumter,261O-26
Rec Dept,Sumter,261C3-27
Reese Park,Sumter,261C1-27
Thompson,Sumter,26117
ONeal,Talbot,26301
Valley,Talbot,26302
Junction City,Talbot,26303
Geneva,Talbot,26304
Talbotton,Talbot,26305
Box Springs,Talbot,26306
Flint Hill,Talbot,26308
Sharon,Taliaferro,265172
Crawfordville,Taliaferro,265601
Cobbtown,Tattnall,2671
Shiloh,Tattnall,26710
Collins,Tattnall,2673
Manassas,Tattnall,2674
District II,Tattnall,2675
East Glennville,Tattnall,2677
District IV,Tattnall,2678
District V,Tattnall,2679
Precinct 1,Taylor,2691
Precinct 5,Taylor,2695
Precinct 6,Taylor,2696
Helena,Telfair,271HE
Jacksonville,Telfair,271JA
Lumber-City,Telfair,271LU
McRae,Telfair,271MC
Milan,Telfair,271MI
Scotland,Telfair,271SC
Dawson,Terrell,27301
Sasser,Terrell,27302
Bronwood,Terrell,27303
Parrott,Terrell,27304
Graves,Terrell,27305
Herod-Dover,Terrell,27306
Barwick,Thomas,275101
Boston,Thomas,275102
Central,Thomas,275103
Coolidge,Thomas,275104
Douglass,Thomas,275105
Fire Station #2,Thomas,275107
Gatlin Creek,Thomas,275108
Harper,Thomas,275109
Jerger,Thomas,275110
Meigs,Thomas,275111
Metcalfe,Thomas,275113
New Covenant,Thomas,275114
Ochlocknee,Thomas,275115
Pavo,Thomas,275117
Remington Esc,Thomas,275118
Resource Center,Thomas,275119
Scott,Thomas,275120
Merrillville,Thomas,275112
Patten,Thomas,275116
Tifton Northeast,Tift,27701
Brighton,Tift,27702
Brookfield,Tift,27703
Chula,Tift,27704
Docia,Tift,27705
Eldorado,Tift,27706
Omega,Tift,27707
Ty Ty,Tift,27708
Tifton Northwest,Tift,27709
Tifton South,Tift,27710
Mott-Litman Gym,Tift,27711
Tifton Lodge,Tift,27712
15361 Lyons,Toombs,27915361
39 Newbranch,Toombs,27939
43 Cedar Crossing,Toombs,27943
513 VPD,Toombs,279513
514 STIALC,Toombs,279514
Young Harris,Towns,2811468
Macedonia,Towns,281833
Hiawassee,Towns,281990
Annex,Treutlen,283ANNEX
Soperton,Treutlen,283SOPE
Hollis Hand,Troup,28501
Administration Bldg,Troup,28502
Hammett Rd,Troup,28503
Griggs Center,Troup,28504
West Point,Troup,28505
Hogansville,Troup,28506
East Vernon,Troup,28507
Rosemont,Troup,28508
McClendon,Troup,28510
Long Cane,Troup,28511
Gardner Newman,Troup,28512
Gray Hill,Troup,28513
Highland,Troup,28515
Northside,Troup,28516
Ashburn,Turner,2871
Sycamore,Turner,2872
Rebecca,Turner,2873
Dry Branch,Twiggs,289DB
Golden Isles,Twiggs,289GI
Higgsville,Twiggs,289HV
Jeffersonville/Ware,Twiggs,289JV/W
Shady Grove/Tarvers,Twiggs,289SG/T
Blairsville,Union,2911
Coosa,Union,29110
Choestoe,Union,29111
Jones Creek,Union,2912
Owltown,Union,2913
Ivy Log,Union,2914
Suches,Union,2915
Trackrock,Union,2916
Dooley,Union,2917
Gumlog,Union,2918
Pat Colwell,Union,2919
Yatesville,Upson,2930588
Salem,Upson,2930589
Redbone,Upson,2931610
Town,Upson,2935610
La Fayette,Walker,2950871
Walnut Grove,Walker,2950917
Rock Spring,Walker,2950944
Armuchee Valley,Walker,2950953
Mountain,Walker,2951161
Chattanooga Valley,Walker,2951501
Kensington,Walker,2951809
Rossville,Walker,2951812
Chickamauga,Walker,2951818
Fairyland,Walker,2951851
Fairview,Walker,2951893
Bold Springs,Walton,2971663
Whatley,Walton,2971675
Walker Park,Walton,297250
Gratis,Walton,297414
Between,Walton,297415
Walnut Grove,Walton,297416
Loganville North,Walton,297417
Social Circle,Walton,297418
South Monroe,Walton,297419
North Monroe,Walton,297420
Loganville South,Walton,297421
West Walton,Walton,297422
Broken Arrow,Walton,297423
Bay Creek,Walton,297424
E Monroe,Walton,297425
W Monroe,Walton,297426
Tara,Walton,297427
Mountain,Walton,297454
Jersey,Walton,297502
Blasingame,Walton,297503
Good Hope,Walton,297559
Warrenton,Warren,3011
Riddleville,Washington,3031253
Warthen,Washington,3031350
Tennille,Washington,3031488
Oconee,Washington,30388
Harrison,Washington,30391
Davisboro,Washington,30394
Sandersville,Washington,30397
Deepstep,Washington,30399
Odum,Wayne,3051A
Madray Springs,Wayne,3051B
Oglethorpe,Wayne,3051C
Screven,Wayne,3052A
Empire,Wayne,3052C
Red Hill,Wayne,3052D
Altamaha,Wayne,3053A
Gardi,Wayne,3053B
VFW,Wayne,3054A
Pine Street,Wayne,3054B
Unity,Wayne,3055A
Rec Center,Wayne,3055B
Preston 1,Webster,307P1
Alamo,Wheeler,3091
Glenwood,Wheeler,3092
Blue Creek,White,311011
Blue Ridge,White,311021
Helen,White,311031
Mossy Creek,White,311041
Mt Yonah,White,311051
Nacoochee,White,311061
Robertstown,White,311071
Shoal Creek,White,311081
Tesnatee,White,311091
Town Creek,White,311101
White Creek,White,311111
1A,Whitfield,3131A
2A,Whitfield,3132A
3A,Whitfield,3133A
4A,Whitfield,3134A
5A,Whitfield,3135A
6A,Whitfield,3136A
AN,Whitfield,313AN
CA,Whitfield,313CA
CO,Whitfield,313CO
DG,Whitfield,313DG
ES,Whitfield,313ES
FI,Whitfield,313FI
GL,Whitfield,313GL
LT,Whitfield,313LT
MC,Whitfield,313MC
NI,Whitfield,313NI
PG,Whitfield,313PG
TH,Whitfield,313TH
TI,Whitfield,313TI
TR,Whitfield,313TR
UT,Whitfield,313UT
VA,Whitfield,313VA
WS,Whitfield,313WS
Rochelle North 1,Wilcox,3151A
Abbeville North 2,Wilcox,3152A
Pineview 2,Wilcox,3152B
Pitts 3,Wilcox,3153A
Rochelle South 4,Wilcox,3154A
Abbeville South 5,Wilcox,3155A
Senior Citizen Center,Wilkes,3171
Young Farmers Bldg,Wilkes,3172A
Metasville Fire Sta,Wilkes,3172B
Edward B Pope Center,Wilkes,3173A
Rayle City Hall,Wilkes,3173B
Courthouse,Wilkes,3174A
Bloodworth,Wilkinson,31902
Griffin,Wilkinson,31903
High Hill,Wilkinson,31904
Irwinton,Wilkinson,31905
Ivey,Wilkinson,31906
Lord,Wilkinson,31907
Midway,Wilkinson,31908
Ramah,Wilkinson,31910
Turkey Creek,Wilkinson,31911
Sylvester,Worth,3211
Scooterville,Worth,32110
Minton,Worth,32111
Bridgeboro,Worth,32112
County Line,Worth,32114
Isabella,Worth,32115
Piney Woods,Worth,32116
Sylvester East,Worth,3212
Poulan,Worth,3213
Sumner,Worth,3214
Shingler,Worth,3215
Red Rock,Worth,3216
Doles,Worth,3217
Oakfield,Worth,3218
Warwick,Worth,3219
1-01C First Presbyterian Church,Chatham,0511-01C
1-05C JEA Building,Chatham,0511-05C
1-06C Central Church of Christ,Chatham,0511-06C
1-08C Grace United Methodist Church,Chatham,0511-08C
1-09C Immanuel Baptist Church,Chatham,0511-09C
1-10C St Thomas Episcopal Church,Chatham,0511-10C
1-12C Isle of Hope Baptist,Chatham,0511-12C
1-13C The Sanctuary,Chatham,0511-13C
1-14C Compassion Christian Church,Chatham,0511-14C
1-16C Ferguson Ave Baptist,Chatham,0511-16C
1-17C Islands Christian Church,Chatham,0511-17C
2-02C Blackshear Community Center,Chatham,0512-02C
2-03C W W Law Center,Chatham,0512-03C
2-04C Fellowship of Love Church,Chatham,0512-04C
2-05C Holy Spirit Lutheran Church,Chatham,0512-05C
2-06C Eli Whitney Complex,Chatham,0512-06C
2-07C Christ Community Church,Chatham,0512-07C
2-09C Salvation Army,Chatham,0512-09C
2-11C Stillwell Towers,Chatham,0512-11C
2-12C Williams Court Apts,Chatham,0512-12C
3-01C Old Courthouse,Chatham,0513-01C
3-02C Temple Mickve Israel,Chatham,0513-02C
3-03C Savannah High School,Chatham,0513-03C
3-04C First African Baptist Church,Chatham,0513-04C
3-05C Aldersgate Youth Center,Chatham,0513-05C
3-08C Jenkins High School,Chatham,0513-08C
3-09C Cokesbury Methodist,Chatham,0513-09C
3-10C Bible Baptist Church,Chatham,0513-10C
3-11C Southside Baptist Church,Chatham,0513-11C
3-12C Thunderbolt Muni Complex,Chatham,0513-12C
3-13C New Cov 7 Day Adv Ch,Chatham,0513-13C
3-14C Oglethorpe Charter Academy,Chatham,0513-14C
3-15C Eli Whitney Complex,Chatham,0513-15C
4-02C Frank Murray Comm Center,Chatham,0514-02C
4-04C Lighthouse Baptist Church,Chatham,0514-04C
4-05C St Francis Episcopal Church,Chatham,0514-05C
4-06C First Baptist of the Island,Chatham,0514-06C
4-07C Wilmington Island UMC,Chatham,0514-07C
4-08C Wilmington Island Pres Church,Chatham,0514-08C
4-10C Guard House Comm Ctr,Chatham,0514-10C
4-11C Tybee Island School Cafe,Chatham,0514-11C
4-12C St Peters Episcopal,Chatham,0514-12C
4-13C Skidaway Island Pres Church,Chatham,0514-13C
4-14C Skidaway Island Baptist,Chatham,0514-14C
4-15C Skidaway Island State Park,Chatham,0514-15C
5-01C Bartlett Middle School,Chatham,0515-01C
5-02C Senior Citizens Center,Chatham,0515-02C
5-03C Butler Presbyterian Church,Chatham,0515-03C
5-05C Liberty City Comm Ctr,Chatham,0515-05C
5-06C Seed Church,Chatham,0515-06C
5-08C Savannah Primitive BC,Chatham,0515-08C
5-10C Tatumville Community Center,Chatham,0515-10C
5-11C Largo-Tibet Elementary,Chatham,0515-11C
6-01C White Bluff Presbyterian,Chatham,0516-01C
6-02C Windsor Forest Baptist,Chatham,0516-02C
6-03C Crusader Comm Center,Chatham,0516-03C
6-05C Windsor Hall,Chatham,0516-05C
6-06C The Light Church,Chatham,0516-06C
6-08C Christ Memorial Baptist Church,Chatham,0516-08C
6-09C Trinity Lutheran Church,Chatham,0516-09C
6-11C Bamboo Farms,Chatham,0516-11C
7-01C Garden City Senior Ctr,Chatham,0517-01C
7-03C PB Edwards Gym,Chatham,0517-03C
7-04C Lake Shore Comm Ctr,Chatham,0517-04C
7-05C Woodlawn Baptist Church,Chatham,0517-05C
7-06C Pooler City Hall,Chatham,0517-06C
7-07C Rothwell Baptist Church,Chatham,0517-07C
7-08C Bloomingdale Comm Ctr,Chatham,0517-08C
7-09C Savannah Holy C of G,Chatham,0517-09C
7-10C Progressive Rec Center,Chatham,0517-10C
7-11C Seventh Day Adv Church,Chatham,0517-11C
7-12C Pooler Church,Chatham,0517-12C
7-13C Southside Fire Trng Ctr,Chatham,0517-13C
7-14C Coastal Cathedral,Chatham,0517-14C
7-15C Rice Creek School,Chatham,0517-15C
8-01C Civic Center,Chatham,0518-01C
8-02C Hellenic Center,Chatham,0518-02C
8-03C Silk Hope Baptist Church,Chatham,0518-03C
8-05C W Broad St YMCA,Chatham,0518-05C
8-06C Tompkins Rec Center,Chatham,0518-06C
8-07C Woodville-Tompkins TI,Chatham,0518-07C
8-09C Moses Jackson Center,Chatham,0518-09C
8-10C Carver Heights Comm Ctr,Chatham,0518-10C
8-11C Butler Elementary,Chatham,0518-11C
8-12C Beach High School,Chatham,0518-12C
8-13C Savannah Christian,Chatham,0518-13C
8-15C Garden City Rec Center,Chatham,0518-15C
8-16C Royal Cinemas and IMAX,Chatham,0518-16C
5-07C Station 1,Chatham,0515-07C
6-10C Station 3,Chatham,0516-10C
7-16C Pooler Recreation Center Gymnasium,Chatham,0517-16C
8-08C Resur of Our Lord Church,Chatham,0518-08C
Activity Center,Chattahoochee,0531
Powders Springs 1A,Cobb,067PS1A
Powders Springs 2A,Cobb,067PS2A
Powders Springs 3A,Cobb,067PS3A
Chappell Mill V FD,Lamar,1711712A
LIttle Ochlocknee Baptist Church,Thomas,275106
100,Ware,299100
200A,Ware,299200A
200B,Ware,299200B
300,Ware,299300
304,Ware,299304
400,Ware,299400
404,Ware,299404
405,Ware,299405
406,Ware,299406
407,Ware,299407
408,Ware,299408
409,Ware,299409
Tignal Sch Lunch Rm,Wilkes,3174B